{"schemaVersion":"1.0","appDefinitionTemplate":{"id":"/providers/Microsoft.PowerApps/apps/","type":"Microsoft.PowerApps/apps","tags":{"primaryDeviceWidth":"1600","primaryDeviceHeight":"900","sienaVersion":"20220524T215502Z-3.22053.10.0","deviceCapabilities":"","supportsPortrait":"true","supportsLandscape":"true","primaryFormFactor":"Tablet","publisherVersion":"3.22053.10","minimumRequiredApiVersion":"2.2.0","hasComponent":"true","hasUnlockedComponent":"true","isUnifiedRootApp":"false"},"properties":{"appVersion":"2022-05-24T21:55:02Z","lifeCycleId":"Published","createdByClientVersion":{"major":3,"minor":22053,"build":10,"revision":0,"majorRevision":0,"minorRevision":0},"minClientVersion":{"major":3,"minor":22053,"build":10,"revision":0,"majorRevision":0,"minorRevision":0},"backgroundColor":"rgba(255, 255, 255, 1)","backgroundImageUri":"/15552065531541899910/N956e667f-2864-4a04-83dc-8568a09c0d0c-logoSmallFile","displayName":"Pride Month Calendar","description":"","commitMessage":"","appUris":{"documentUri":{"value":"/15552065531541899910/N8ec8d8b2-19ca-466b-bdec-510bb98da63b-document.msapp"},"imageUris":[]},"createdTime":"0001-01-01T00:00:00Z","lastModifiedTime":"0001-01-01T00:00:00Z","sharedGroupsCount":0,"sharedUsersCount":0,"icons":{"smallIconUri":"/15552065531541899910/N876fb06b-c2c3-4cf4-b778-efb0414befde-small.png","mediumIconUri":"/15552065531541899910/N3d8f6da9-63d5-49b9-a26b-280e1e27d7be-medium.png","largeIconUri":"/15552065531541899910/Naf0613f4-f21e-4769-8d0b-0e158801a3e7-large.png","wideIconUri":"/15552065531541899910/N06496391-0b71-4ff9-86e0-4147e00702c3-wide.png"},"connectionReferences":{},"databaseReferences":{},"almMode":"Environment","performanceOptimizationEnabled":true,"canConsumeAppPass":true,"executionRestrictions":{"isTeamsOnly":false,"dataLossPreventionEvaluationResult":{"status":"Compliant","lastEvaluationDate":"2021-10-16T21:29:14.8362186Z","violations":[],"violationsByPolicy":[],"violationErrorMessage":"The app uses the following connectors: ."}}},"appType":"ClassicCanvasApp","appComponents":[]}}