{"schemaVersion":"1.0","appDefinitionTemplate":{"id":"/providers/Microsoft.PowerApps/apps/","type":"Microsoft.PowerApps/apps","tags":{"primaryDeviceWidth":"1600","primaryDeviceHeight":"900","sienaVersion":"20220524T224457Z-3.22053.10.0","deviceCapabilities":"","supportsPortrait":"true","supportsLandscape":"true","primaryFormFactor":"Tablet","publisherVersion":"3.22053.10","minimumRequiredApiVersion":"2.2.0","hasComponent":"true","hasUnlockedComponent":"true","isUnifiedRootApp":"false"},"properties":{"appVersion":"2022-05-24T22:44:57Z","lifeCycleId":"Published","createdByClientVersion":{"major":3,"minor":22053,"build":10,"revision":0,"majorRevision":0,"minorRevision":0},"minClientVersion":{"major":3,"minor":22053,"build":10,"revision":0,"majorRevision":0,"minorRevision":0},"backgroundColor":"rgba(255, 255, 255, 1)","backgroundImageUri":"/9944983931420846387/Ncb152e32-f55b-4616-8213-8f15166a5379-logoSmallFile","displayName":"Pride Month Calendar","description":"","commitMessage":"","appUris":{"documentUri":{"value":"/9944983931420846387/Nfb3cee29-0126-455d-81a9-c47220e44f02-document.msapp"},"imageUris":[]},"createdTime":"0001-01-01T00:00:00Z","lastModifiedTime":"0001-01-01T00:00:00Z","sharedGroupsCount":0,"sharedUsersCount":0,"icons":{"smallIconUri":"/9944983931420846387/Na5af8b68-d679-4602-bc34-095f9bef3b3e-small.png","mediumIconUri":"/9944983931420846387/Nadc55710-bfa7-4f15-b709-33f550a50677-medium.png","largeIconUri":"/9944983931420846387/Nf40e7994-0cea-4fcd-970f-f9a6dacced52-large.png","wideIconUri":"/9944983931420846387/Nb5ee84aa-4a94-4b59-8d87-d03b1f61ddcb-wide.png"},"connectionReferences":{},"databaseReferences":{},"almMode":"Environment","performanceOptimizationEnabled":true,"canConsumeAppPass":true,"executionRestrictions":{"isTeamsOnly":false,"dataLossPreventionEvaluationResult":{"status":"Compliant","lastEvaluationDate":"2021-10-16T21:29:14.8362186Z","violations":[],"violationsByPolicy":[],"violationErrorMessage":"The app uses the following connectors: ."}}},"appType":"ClassicCanvasApp","appComponents":[]}}