{"schemaVersion":"1.0","appDefinitionTemplate":{"id":"/providers/Microsoft.PowerApps/apps/","type":"Microsoft.PowerApps/apps","tags":{"primaryDeviceWidth":"1600","primaryDeviceHeight":"900","sienaVersion":"20220513T104507Z-3.22044.32.0","deviceCapabilities":"","supportsPortrait":"true","supportsLandscape":"true","primaryFormFactor":"Tablet","publisherVersion":"3.22044.32","minimumRequiredApiVersion":"2.2.0","hasComponent":"true","hasUnlockedComponent":"true","isUnifiedRootApp":"false"},"properties":{"appVersion":"2022-05-13T10:45:07Z","lifeCycleId":"Published","createdByClientVersion":{"major":3,"minor":22044,"build":32,"revision":0,"majorRevision":0,"minorRevision":0},"minClientVersion":{"major":3,"minor":22044,"build":32,"revision":0,"majorRevision":0,"minorRevision":0},"backgroundColor":"rgba(255, 255, 255, 1)","backgroundImageUri":"/4131972256956136378/N862c1d98-39c4-44b4-b3bc-adf2386cf1a4-logoSmallFile","displayName":"Pride Month Calendar","description":"","commitMessage":"","appUris":{"documentUri":{"value":"/4131972256956136378/Nd9c72fc0-1f36-47e9-83de-cc75d21c19d6-document.msapp"},"imageUris":[]},"createdTime":"0001-01-01T00:00:00Z","lastModifiedTime":"0001-01-01T00:00:00Z","sharedGroupsCount":0,"sharedUsersCount":0,"icons":{"smallIconUri":"/4131972256956136378/Nc773fc71-8da6-4f9b-89bc-031071bae795-small.png","mediumIconUri":"/4131972256956136378/N1067f307-0946-4a39-a766-7ba639ad66bc-medium.png","largeIconUri":"/4131972256956136378/N873dbb28-eec7-48bb-8aeb-bd9863c48d7a-large.png","wideIconUri":"/4131972256956136378/Nadb9766f-d060-4801-8cb0-275be221d3cf-wide.png"},"connectionReferences":{},"databaseReferences":{},"almMode":"Environment","performanceOptimizationEnabled":true,"canConsumeAppPass":true,"executionRestrictions":{"isTeamsOnly":false,"dataLossPreventionEvaluationResult":{"status":"Compliant","lastEvaluationDate":"2021-10-16T21:29:14.8362186Z","violations":[],"violationsByPolicy":[],"violationErrorMessage":"The app uses the following connectors: ."}}},"appType":"ClassicCanvasApp","appComponents":[]}}